https://static.wixstatic.com/media/148919_d0cdfce49cc241f9b914129d0b09d017~mv2.jpg/v1/fill/w_264,h_176,al_c,q_80,usm_0.66_1.00_0.01/148919_d0cdfce49cc241f9b914129d0b09d017~mv2.webp
x-raw-image:///200561efb63ad942af55604a3587d82319dcc720f2003f5df71dd7281615f8fd
https://lh4.googleusercontent.com/-fRkH9RxY7QU/VPQ37_acPEI/AAAAAAAAWo0/GQZ6X0LfAIQ/s200/Cortinarius%2Bpurpurascens.jpg
http://www.rysch.com/pilze/images/Hebeloma_laterinum.jpg
https://upload.wikimedia.org/wikipedia/commons/thumb/8/87/Hebeloma_laterinum_G3.3.jpg/1200px-Hebeloma_laterinum_G3.3.jpg
https://upload.wikimedia.org/wikipedia/commons/5/57/Hebeloma_laterinum_G3.1.jpg
https://alchetron.com/cdn/hebeloma-laterinum-e51c6899-fbd9-4e50-b30b-8549ed164f6-resize-750.jpg
http://4.bp.blogspot.com/-Baaq6Lx71yM/VUtxvRpVdbI/AAAAAAAAeHU/zwab3TGPieA/s1600/Hebeloma%2Blaterinum.jpg
https://www.asturnatura.com/photo/_files/photogallery/dd564442f0a3a0fdb6b5d32edbbdde79.jpg
http://www.leifgoodwin.co.uk/Fungi/0_DSC_0057%20Hebeloma%20laterinum.jpg
https://www.gobice.com/pic/hebeloma_laterinum_-_kakavova_medlenka_02.jpg
http://1.bp.blogspot.com/-mvNmIPcKYcM/VRVFDkij5fI/AAAAAAABYRQ/2IyUt0j6wkA/s1600/Hebeloma%2Blaterinum%2B(atsch)%2BVesterh%2B(1).JPG
http://www.ambmuggia.it/forum/uploads/post-3-0-17411200-1463728780.jpg
https://upload.wikimedia.org/wikipedia/commons/d/d1/Hebeloma_laterinum_G3.jpg
http://www.commanster.eu/commanster/Mushrooms/Agaric/SuAgaric/Hebeloma.laterinum.jpg
https://ichn2.iec.cat/Bages/pinedes/Imatges%20grans/Hebeloma%20laterinum.jpg
http://4.bp.blogspot.com/-S4oSmZD28Mc/VUtx00VomqI/AAAAAAAAeHk/BKM3JnM_zKM/s1600/Hebeloma%2Blaterinum_himenio.jpg
http://www.biopix.es/photos/jcs-hebeloma-laterinum-45735.jpg
https://www.discoverlife.org/IM/I_MWS/0478/640/Hebeloma_laterinum,I_MWS47824.jpg
https://alchetron.com/cdn/hebeloma-sinapizans-867ce2fe-4f85-4b7f-822b-b0a902baa60-resize-750.jpeg
https://www.gobice.com/pic/hebeloma_laterinum_-_kakavova_medlenka_03.jpg
https://www.mycodb.fr/photos/Hebeloma_laterinum_2007_jd_1.jpg
https://previews.agefotostock.com/previewimage/medibigoff/4d376f5d39db319bcfe58e71512422ea/rdc-827527.jpg
https://www.discoverlife.org/IM/I_MWS/0478/640/Hebeloma_laterinum,I_MWS47823.jpg
https://ichn2.iec.cat/Bages/pinedes/Imatges%20grans/Hebeloma%20edurum.jpg
https://www.discoverlife.org/IM/I_MWS/0476/640/Hebeloma_laterinum,I_MWS47618.jpg
http://www.pharmanatur.com/Mycologie/Hebeloma%20laterinum%202.jpg
http://asociacionvallisoletanademicologia.com/wordpress/wp-content/uploads/2015/02/HEBELOMA-LATERINUM.-DAVID-HERRERO.jpg
https://www.biodiversidadvirtual.org/hongos/data/media/2790/Hebeloma-laterinum-(Batsch)-Vesterh.-2005-107575.jpg
http://www.mykologie.net/images/houby/Hebeloma%20laterinum2.jpg
https://www.gobice.com/pic/hebeloma_laterinum_-_kakavova_medlenka_01.jpg
https://www.discoverlife.org/IM/I_MWS/0476/320/Hebeloma_laterinum,I_MWS47615.jpg
https://www.biolib.cz/IMG/GAL/104541.jpg
x-raw-image:///55fe9fa90179e05464d2c08309afcfaa07de7b972bec7a32afb96ceb6f5deed2
http://champignons.aveyron.free.fr/photos/401-_IGP7612.jpg
http://www.fichasmicologicas.com/typo3temp/pics/13da8c0325.jpg
http://1.bp.blogspot.com/-JldrF_AHG_Y/Uu9aXgWUyhI/AAAAAAAAJ3s/AqI85IVhyXk/s1600/Hebeloma%2Blaterinum-18379_micro.jpg
https://www.biolib.cz/IMG/GAL/105847.jpg
https://upload.wikimedia.org/wikipedia/commons/thumb/0/02/2012-12-31_Hebeloma_crustuliniforme_%28Bull.%29_Qu%C3%A9l_298841.jpg/220px-2012-12-31_Hebeloma_crustuliniforme_%28Bull.%29_Qu%C3%A9l_298841.jpg
https://www.discoverlife.org/IM/I_MWS/0476/640/Hebeloma_laterinum,I_MWS47616.jpg
https://champyves.pagesperso-orange.fr/images/Agaricales/Hebeloma_laterinum_3.jpg
http://www.hlasek.com/foto/hebeloma_edurum_bv3260.jpg
http://www.mykologie.net/images/houby/Hebeloma%20laterinum3.jpg
http://www.ambmuggia.it/forum/uploads/post-3-0-45873500-1437772772.jpg
http://asociacionvallisoletanademicologia.com/wordpress/wp-content/uploads/2015/02/Hebeloma-laterinum.-Jacinto-Bernal-Hernansanz.jpg
https://d1k5w7mbrh6vq5.cloudfront.net/images/cache/96/24/9a/96249a59e7315a106362f224b2ebccbc.jpg
http://champignons.aveyron.free.fr/photos/401-IMGP2235.jpg
https://www.asturnatura.com/photo/_files/photogallery/1a00be6d872f0c02ccd836c690571afd.jpg
https://svampe.databasen.org/unsafe/750x500/http://www.mycokey.com/MycoKeySolidState/pictures/basi/agar/Hebeloma/fastL.jpg
http://www.guiavisual-gorosti.org/galeria/data/media/3803/Hebeloma_laterinum.jpg
https://4.bp.blogspot.com/-0mBABU00c5Q/WecTAcJGwqI/AAAAAAABMnI/iLW_mxpvYncG2KRPySMzzv2tQEh5LooAgCKgBGAs/s1600/Hebeloma%2Blaterinum-60599.JPG
http://asociacionvallisoletanademicologia.com/wordpress/wp-content/uploads/2015/02/Hebeloma-laterinum.-Miguel-Sanz-Carazo.jpg
https://www.discoverlife.org/IM/I_MWS/0476/640/Hebeloma_laterinum,I_MWS47617.jpg
http://www.pilzbestimmer.de/bilder/7/small-137-Hebeloma_senescens.jpg
https://ichn2.iec.cat/Bages/pinedes/Imatges%20grans/Hebeloma%20edurum%20(erol).jpg
https://2.bp.blogspot.com/-0AaOr6rsJFs/VtbLEJbpsgI/AAAAAAAAG4c/3G67KZhRwX8/s640/Hebeloma%2Blaterinum.jpg
http://www.biopix.com/photos/jcs-hebeloma-laterinum-50754.jpg
x-raw-image:///9b1a7882514e56608e20dff4096bfa6b55a488f4498e69323bd85cde03a7e2ef
https://upload.wikimedia.org/wikipedia/commons/thumb/1/16/Hebeloma_gigaspermum_20101010wa.JPG/234px-Hebeloma_gigaspermum_20101010wa.JPG
http://www.ambmuggia.it/forum/uploads/post-3-0-38973500-1437772777.jpg
http://asociacionvallisoletanademicologia.com/wordpress/wp-content/uploads/2015/02/Hebeloma-edurum.-G.-Villalobos-de-la-F..jpg
http://www.bogiphoto.com/PhotosDB/6ce8e99d-9c4c-469e-806a-dcdb61e4abdb.jpg
https://www.123pilze.de/DreamHC/Download/edurum2.jpg
https://champyves1.pagesperso-orange.fr/Les_Champignons/images/Champignons/Hebeloma/Hebeloma_laterinum_3.jpg
https://www.gobice.com/pic/hebeloma_laterinum_-_kakavova_medlenka_spore_print_01.jpg
http://jlcheype.free.fr/images/Agaricomycetes/hebeloma_laterinum.jpg
http://danskesvampe.dk/wp-content/uploads/2015/09/Hebeloma-laterinum_7023.jpg
https://champyves1.pagesperso-orange.fr/Les_Champignons/images/Champignons/Hebeloma/Hebeloma_laterinum_1.jpg
http://www.ohoubach.cz/obrazky/galerie/201509/43595_1.jpg
https://upload.wikimedia.org/wikipedia/commons/f/f1/Hebeloma_crustuliniforme_T64.jpg
https://www.asturnatura.com/photo/_files/photogallery/t_ecf24de9d20c9c937be203c84e85d9b1.jpg
https://www.gobice.com/pic/hebeloma_laterinum_-_kakavova_medlenka_04.jpg
https://www.123pilze.de/DreamHC/Download/edurum5.jpg
http://www.pharmanatur.com/Mycologie/Hebeloma%20laterinum%204.jpg
https://alchetron.com/cdn/hebeloma-radicosum-95eff596-d20e-42f0-ad94-99fb5e2561e-resize-750.jpg
http://www.biopix.dk/photos/jcs-hebeloma-laterinum-50757.jpg
https://champyves.pagesperso-orange.fr/images/Agaricales/Hebeloma_laterinum_p.jpg
https://upload.wikimedia.org/wikipedia/commons/thumb/2/26/Hebeloma_anthracophilum_40732.jpg/220px-Hebeloma_anthracophilum_40732.jpg
http://www.gobenabovskem.si/wp-content/uploads/2016/03/1247KAKAVOVA_MEDLENKA.jpg
http://www.leifgoodwin.co.uk/Fungi/1__DSC0140%20Hebeloma%20laterinum%20spores%20x100%20crop.jpg
x-raw-image:///f9a11c9c43e592c733b302f60133f0fbdfeb71462af3bac507e80b01a28c9bea
https://2.bp.blogspot.com/-mI-Iz6jRY5w/WNU42yNzARI/AAAAAAABHis/PT1UpKk_f94OeRLXSyTIPcrjSuE9-ag2gCPcB/s1600/Hebeloma%2Blaterinum-18397.jpg
http://www.pharmanatur.com/Mycologie/Hebeloma%20laterinum%203.jpg
http://www.interhias.de/schwammerlseiten/galerie/thumbnails/hebeloma-laterinum-003.JPG
https://www.123pilze.de/DreamHC/Download/edurum3.jpg
http://mycoportal.org/imglib/mycology/Strophariaceae/hebeloma_alpinum.jpg
https://www.fungi.org.uk/download/file.php?id=2430&t=1
http://www.interhias.de/schwammerlseiten/galerie/fotos/hebeloma-laterinum-001.JPG
http://www.ambmuggia.it/forum/uploads/post-3-0-59159500-1463728785.jpg
http://www.ohoubach.cz/obrazky/galerie/201510/44424_1.jpg
https://upload.wikimedia.org/wikipedia/commons/a/a8/Hebeloma_victoriense_40459.jpg
http://danskesvampe.dk/wp-content/uploads/2015/09/Hebeloma-laterinum_6743.jpg
http://www.bancodesetas.es/modulos/buscasetas/images/item/Hebeloma%20lateritium1.jpg
https://www.discoverlife.org/IM/I_MWS/0478/640/Hebeloma_laterinum,I_MWS47826.jpg
https://www.mycodb.fr/thumbs/Hebeloma_laterinum_2011_ac_1.jpg
http://www.pharmanatur.com/Mycologie/Hebeloma%20laterinum%201.jpg
https://www.natur-in-nrw.de/IMG/Pilze/Agaricales/PA-313/Hebeloma-laterinum-2m.jpg
http://www.micobotanicajaen.com/Revista/Indice/Fotos/HebelomaSubtortum.jpg
https://www.natur-in-nrw.de/IMG/Pilze/Agaricales/PA-313/Hebeloma-laterinum-1m.jpg
https://www.123pilze.de/DreamHC/Download/edurum.jpg
https://champyves.pagesperso-orange.fr/images/Agaricales/Hebeloma_laterinum_2.jpg
https://www.researchgate.net/profile/Jordi_Vila5/publication/232708063/figure/fig3/AS:300472687710219@1448649679797/Collection-JV05-746-of-Hebeloma-erumpens-growing-with-Cistus-monspeliensis-Photograph-J_Q320.jpg
http://www.bancodesetas.es/modulos/buscasetas/images/item/Hebeloma%20leucosarx3.jpg
https://d1k5w7mbrh6vq5.cloudfront.net/images/cache/17/cb/51/17cb5141a9c589cc92c0d142240b1f59.jpg
https://upload.wikimedia.org/wikipedia/commons/8/85/Hebeloma_edurum.jpg
https://www.asturnatura.com/photo/_files/photogallery/69cbaca3d6f1495c6a5a354a5ca0b87f.jpg
https://www.fungipedia.org/images/galerias/hebeloma_sinapizans/hebeloma_sinapizans1.jpg
http://champignons.aveyron.free.fr/photos/401-_IGP7511.jpg
https://www.mycodb.fr/thumbs/Hebeloma_laterinum_2011_td_1.jpg
http://www.micobotanicajaen.com/Revista/Indice/Fotos/HapalopilusRutilans.JPG
http://www.biopix.nl/photos/jcs-hebeloma-laterinum-22180.jpg
http://www.commanster.eu/commanster/Mushrooms/Agaric/SuAgaric/Hebeloma.birrus.jpg
http://www.ambmuggia.it/forum/uploads/post-3-0-50807900-1437772782.jpg
https://seminar2013.myko.cz/foto/Hebeloma_laterinum_1762a-MK.jpg
https://www.asturnatura.com/photo/_files/photogallery/t_78d2a4eb59496860ddd2e0530f444530.jpg
http://asociacionvallisoletanademicologia.com/wordpress/wp-content/uploads/2015/02/Hebeloma-marginatulum.-P4287016-940x581.jpg
https://image.jimcdn.com/app/cms/image/transf/dimension=407x10000:format=jpg/path/s8bba801db0ce3fc3/image/i13f12fc66596914a/version/1351791785/image.jpg
http://www.bancodesetas.es/modulos/buscasetas/images/item/Hebeloma%20leucosarx1.jpg
http://photos.smbc.fr/_data/i/upload/2015/01/25/20150125091801-bece6fe9-me.jpg
https://www.gobice.com/pic/hebeloma_laterinum_-_kakavova_medlenka_05.jpg
https://3.bp.blogspot.com/-bDVpMmcHNws/WNU42y2rQfI/AAAAAAABHis/QzlagjignhglYDmaqza18-ZCkJq_MoR1QCPcB/s1600/Hebeloma%2Blaterinum-18382.jpg
https://www.funghiitaliani.it/uploads/monthly_04_2008/post-3093-1208900407.jpg
https://www.researchgate.net/profile/Jordi_Vila5/publication/232708063/figure/fig2/AS:300472687710218@1448649679751/Collection-JVG1080108-holotype-of-Hebeloma-alboerumpens-growing-with-Cistus.png
http://www.myco-vaud.ch/albums/smv-2009/Hebeloma_edurum_moiry_DSCN3922_WEB.sized.jpg
https://upload.wikimedia.org/wikipedia/commons/thumb/2/23/Hebeloma_pusillum_BS17_%282%29.JPG/440px-Hebeloma_pusillum_BS17_%282%29.JPG
https://champyves.pagesperso-orange.fr/images/Agaricales/Hebeloma_laterinum.jpg
https://alchetron.com/cdn/hebeloma-radicosum-35641b9e-8b36-43ca-b57f-a819c8486b8-resize-750.jpeg
http://www.micobotanicajaen.com/Revista/Indice/Fotos/HebelomaEburneum.JPG
http://www.pilzflora-ehingen.de/pilzflora/fotohtml/images/Hebeloma-senescens01th.jpg
https://sites.google.com/site/goros1624/_/rsrc/1244532375640/la-clasificacion-de-los-hongos/orden-agaricales/tipo-de-himenio/textura-de-la-carne/presencia-y-disposicion-del-pie/tipo-de-insercion-de-laminas-y-pie/colro-de-la-esporada/esporada-ocracea-a-purpura/familia-cortinariaceas/naucoriaceas/Hebeloma%20sinapizans_p.jpg?height=158&width=200
http://www.gobenabovskem.si/wp-content/uploads/2016/12/HEBELOMA-CRUSTULINFORME3.jpg
https://www.123pilze.de/DreamHC/Download/edurum4.jpg
http://www.ohoubach.cz/obrazky/galerie/04/5359_2.jpg
http://champignons.aveyron.free.fr/photos/401-_IGP7509.jpg
http://www.ambmuggia.it/forum/uploads/post-3-0-64018900-1437773200.jpg
https://www.pilzforum.eu/attachment/223319-hebeloma-spec-01-jpg/
http://v3.boldsystems.org/pics/FISAP/H6035512%2B1374432600.JPG
http://www.amanitacesarea.com/imagenes/hebeloma/hebeloma.jpg
http://v3.boldsystems.org/pics/_w300/NOBAS/255666_1%2B1548857110.jpg
http://www.senes.lv/images/Lapinu_sugas/hebeloma_laterinum_0.jpg
http://www.commanster.eu/commanster/Mushrooms/Agaric/SuAgaric/Xeromphalina.campanella.jpg
https://upload.wikimedia.org/wikipedia/commons/thumb/7/77/Hebeloma_sinapizans_G3.jpg/440px-Hebeloma_sinapizans_G3.jpg
https://www.asturnatura.com/photo/_files/photogallery/627d9cd7e8cec2f74280bfc260ad1ac4.jpg
https://www.pilzforum.eu/attachment/223320-hebeloma-spec-02-jpg/
https://www.biodiversidadvirtual.org/hongos/data/media/281/Helvella-crispa-(Scop.)-Fr.-1822-93713.jpg
http://www.micobotanicajaen.com/Revista/Indice/Fotos/HebelomaBruchetii.jpg
http://www.pilzflora-ehingen.de/pilzflora/fotohtml/images/Hebeloma-laterinum01th.jpg
http://s1.postimg.org/90m09xjjj/DSC_0383_copia.jpg
http://mushroomstuff.co.uk/wp-content/uploads/2015/10/55_20_2-150x150.jpg
http://asociacionvallisoletanademicologia.com/wordpress/wp-content/uploads/2015/02/Hebeloma-favrei.-Pinar-de-Lillo.-P9204937-940x581.jpg
https://ars.els-cdn.com/content/image/1-s2.0-S1340354017301419-gr2.jpg
https://alchetron.com/cdn/hebeloma-sinapizans-e8a74d3c-5906-4ae7-9d57-1a4c21f6d57-resize-750.jpeg
http://www.guiavisual-gorosti.org/galeria/data/thumbnails/3723/Galerina_marginata_Batsch_Khner._Arteta._Saleras_2_800x600.jpg
http://danskesvampe.dk/wp-content/uploads/2015/09/IMG_7025.jpg
http://www.biopix.com/photos/JCS-Hebeloma-laterinum-22179.jpg
https://www.researchgate.net/profile/Jordi_Vila5/publication/232708063/figure/fig5/AS:300472687710221@1448649679884/Collection-JHC09-174-holotype-of-Hebeloma-griseopruinatum-growing-with-Helianthemum.png
http://mushroomstuff.co.uk/wp-content/uploads/2015/10/55_20_1-150x150.jpg
https://www.discoverlife.org/IM/I_MWS/0476/640/Hebeloma_laterinum,I_MWS47619.jpg
https://www.funghiitaliani.it/uploads/monthly_04_2008/post-127-1209049209.jpg
http://www.mykologie.net/images/houby/Hebeloma%20sinapizans.jpg
https://www.asturnatura.com/photo/_files/photogallery/t_91d3c9c6790ebcbdf84b0c4b29ff88d7.jpg
http://v3.boldsystems.org/pics/_w300/MQCOR/HRL0620_2%2B1517287298.jpg
https://www.pilzfreun.de/wp-content/uploads/2012/01/Hebeloma-senescens-0372.1.jpg
https://www.natur-in-nrw.de/IMG/Pilze/Agaricales/PA-313/Hebeloma-crustuliniforme-m.jpg
https://www.gobice.com/pic/hebeloma_laterinum_-_kakavova_medlenka_spore_1000_x_01.jpg
https://waarneming.nl/static/img/stores/badge_google_play.png
http://www.commanster.eu/commanster/Mushrooms/Agaric/SuAgaric/Hebeloma.leucosarx.jpg
https://4.bp.blogspot.com/c4o3j3vHKQSBHIe7kHa2_Jd14MUMAYnERyB9yIhxwsnbnCtA0dtPzIEoSzQrFUpPY4Je13E7xvE-1CZaoAWStf8uosSvoevxmD5RlfA8lX50QXYxzGS-JsDKMoimwS95RXHxLDsOFvJEgi0XF6aqZfLEe3Gy3soJAu1etLL0fQsE2nh7WhQL1t5I9Hd9f6-TrzuT1jQn6S6aXQhw-CCpOXoULU85g6xpJ33wZr9ZovSUaRygGLMM2KYeB-57eZf1aL6wBwoYrvDK7WT4LkLCc_wX0q5vs2FS_Ufa_7DUfXINyJbiyUxnKDS7mAWHvil7KLx2PK6z6VfIwFLwmk5OabDdFnRGJ2Ztm0aJ-f37J8ZP0AiwIn9iinu1s5k2zYHHTnikq_iE0pXWsDO7wT5Qi-103kFpa6OnwQjuZu2x_jYgmvesERvGluIl3TjEwfshunGVZDc74vnQosn1rPISSGOpJ84mhNLaRuEE5hzurlSSKH44iL4k__yk_JyXb3AKvgxzW-gE78AmkDjN8GZjeOi08_-qUaI89CvrHcyVcXQJglF9kFACkG4-P38Qgeejm2512Q=w920-h614-no
https://upload.wikimedia.org/wikipedia/commons/thumb/4/47/Hebeloma_sacchariolens_G3_%281%29.jpg/440px-Hebeloma_sacchariolens_G3_%281%29.jpg
http://www.gobenabovskem.si/wp-content/uploads/2016/03/5382HEBELOMA_RADICANS-300x267.jpg
https://www.mycomons.be/Images/Viroinval%20-%20Belgique/IMG_6792%20Hebeloma%20edurum%2005-10-10%2013-07-36.JPG
https://alchetron.com/cdn/hebeloma-sinapizans-4a6b7565-44ec-4c7f-ab4c-de08b617c83-resize-750.jpeg
http://www.bogiphoto.com/PhotosDB/f5684745-4a1a-4e73-b9df-94024be79682.jpg
https://static.wixstatic.com/media/148919_25928e4442b84d8a86c6393bc8bb1b79~mv2.jpg/v1/fill/w_639,h_426,al_c,q_85,usm_0.66_1.00_0.01/148919_25928e4442b84d8a86c6393bc8bb1b79~mv2.webp
http://www.micobotanicajaen.com/Revista/Indice/Fotos/HebelomaCrustuliniforme.jpg
http://asociacionvallisoletanademicologia.com/wordpress/wp-content/uploads/2015/02/f8eafe2f78a8eeefce308c957f630a23.jpg
https://i1.rgstatic.net/publication/274206596_2198_Proposal_to_conserve_the_name_Agaricus_laterinus_Hebeloma_laterinum_against_the_sanctioned_Agaricus_fastibilis_Hebeloma_fastibile_Basidiomycota_Agaricales_Strophariaceae/links/589b7aeb92851c942ddae239/largepreview.png
https://www.agriamanitaria.gr/wp-content/uploads/2019/01/Hebeloma-sinapizans-1.jpg
x-raw-image:///27e543807a2cbe720dce9ac4863c28e1d8b69e5d78546605f3ab819da6be6948
https://www.mycodb.fr/thumbs/Hebeloma_laterinum_1977_hj_1.jpg
x-raw-image:///63a5876beb4e364572ff119eabff08516feaed391aca3a6ed726eeb20a4fa1cf
https://champyves.pagesperso-orange.fr/images/Agaricales/Hebeloma_laterinum_4.jpg
https://t3.thpservices.com/previewimage/gallil/576e35bab29fde3b6cd9845c251911f0/mba-05711034.jpg
http://www.mykologie.net/images/houby/Hebeloma%20incarnatulum.jpg
http://mycoportal.org/imglib/mycology/MP/201612/Hebeloma_HRL2242_RL2015-10-01-_1483062391_tn.jpg
http://www.mushrooms.su/asergeev/pictures/archives/2016/1886/jpeg/11b.jpg
https://www.asturnatura.com/photo/_files/photogallery/t_d077b83db34945517a197e64de6fb613.jpg
x-raw-image:///becc1c76c73bac97f55a199f7102f4a4a9c028c197fc72820a8bb643855ce768
http://www.gobe.si/slike/thumb_Hebeloma_edurum.jpg
https://1.bp.blogspot.com/LCj1leq-Q1UnAT3YjCps1MkjXqlW2pAfPiGqY9ICyICstMFnIjit_mgwU5c-WQEJXsmttIyjjHvChjWl799vEampTa92WvrbBT3NvdnkRaixgmp_Vn0hlOiWvFQrX8ikLrOM02fDLwXI5GOl9P2SSilv2fFlGTbr-3rFQMEdlh34CtkdAziHS874S5gGExygC7gLku6bhZLIs3P5n2SQjHEFnEeJ-e6071rasYNGykQ_9EZ-5XbxifFO7nKw7Bwd2r4fbygE4VhQ5ALZCVagGCeGdueF0IotdzPnuioTBLVFh8-UYvp-TGkTp8_J8fM5Hcx0MYkR72NEG9R6j6JKm_KYBVAZYp6T6KiYJmWm2E0GqyOvgXUitIgRCQuQQfTYaLMMnfV1a_CAOf9CoVdmytRtMZB4rZ4UAMkTEPMyK7IBMlBe_hENXFl_0UiH7_LN008uDTzm7FOh1XF8a-laxdUnhTF0NKbFS5YcVbOCJILkx0UJ3YwWkS2CVlOkaVNApV76_MlFUg3uzlub7CQyS22HZHSvT_nGwEhl138osw7b33a0IJ7vs_6JtZ2nhUQWVo2Oww=w920-h614-no
https://www.pilzfreun.de/wp-content/uploads/2012/01/Hebeloma-senescens-bo.jpg
http://www.bancodesetas.es/modulos/buscasetas/images/item/Hebeloma%20candidipes1.jpg
http://www.hlasek.com/foto/hebeloma_edurum_bv3278.jpg
x-raw-image:///de3127def5e3f1ecc46d7e08dd64ed9dfaf43693e24f1e7f7167290545f4c5f6
https://www.natur-in-nrw.de/IMG/Pilze/Agaricales/PA-313/PA-313m1.jpg
http://dogalhayat.org/wp-content/uploads/2019/03/a060dd2d395af77ad669081bae84a6a0-1552071341.jpg
https://upload.wikimedia.org/wikipedia/commons/thumb/2/2b/2011-10-22_Hebeloma_mesophaeum_%28Pers.%29_Qu%C3%A9l_176724.jpg/440px-2011-10-22_Hebeloma_mesophaeum_%28Pers.%29_Qu%C3%A9l_176724.jpg
https://www.gobice.com/pic_drevje/dryas_01.jpg
http://www.senes.lv/images/Lapinu_sugas/hebeloma_radicosum_0.jpg
x-raw-image:///2585b4feff02a63f74cde8ed048009cfe0c57e62baed9f8eb23ce737943ef4fd
http://img.over-blog-kiwi.com/0/56/68/48/20141202/ob_7d3f7d_hebeloma-edurum-laterinum-hebelome-b.JPG
http://mushroomstuff.co.uk/wp-content/uploads/2015/10/55_20_3-150x150.jpg
http://www.micobotanicajaen.com/Revista/Indice/Fotos/HebelomaTheobrominum.JPG
http://asociacionvallisoletanademicologia.com/wordpress/wp-content/uploads/2015/02/Hebeloma-helodes-3-940x581.jpg
https://www.funghiitaliani.it/uploads/monthly_04_2008/post-127-1209049165.jpg
https://api.ispotnature.org/storage/app/sites/default/files/frontend/9425/201812/1520923_cuts/small_IMG_1562.JPG
x-raw-image:///543cf64e05da05ec6984236a1be8c31d22bdbffae48c0285d903afc0aeefc4b2
http://www.gljive.com.hr/gljive/slike/Hebeloma_edurum.jpg
http://www.biopix.com/photos/JCS-Hebeloma-laterinum-22178.jpg
https://www.asturnatura.com/photo/_files/photogallery/t_a0ef238d55a8af3bab2a3543e4c2d49c.jpg
https://www.discoverlife.org/nh/maps/Fungi/Basidiomycota/Bolbitiaceae/Hebeloma/map_of_Hebeloma_laterinum.jpg
http://www.mykologie.net/images/houby/Hebeloma%20sinapizans3.jpg
https://d1k5w7mbrh6vq5.cloudfront.net/images/cache/fd/0b/da/fd0bda9e7c540e700ac592929782abd0.jpg
http://www.commanster.eu/commanster/Mushrooms/Agaric/AAgaric/Hebeloma.sordescens.jpg
http://www.ambmuggia.it/forum/uploads/post-3-0-19765600-1437773184.jpg
http://www.guiavisual-gorosti.org/galeria/data/thumbnails/3944/Hypholoma_fasciculare_Huds.Fr._P._Kumm_3.JPG
https://upload.wikimedia.org/wikipedia/commons/thumb/6/64/Hebeloma_sordescens_205219.jpg/220px-Hebeloma_sordescens_205219.jpg
https://inpn.mnhn.fr/photos/uploads/webtofs/thumbnails/3/126273.jpg
https://static.wixstatic.com/media/148919_47fadb46db7f4f859201359bd6a790e4~mv2.jpg/v1/fill/w_639,h_426,al_c,q_85,usm_0.66_1.00_0.01/148919_47fadb46db7f4f859201359bd6a790e4~mv2.webp
https://alchetron.com/cdn/hebeloma-sinapizans-4a2800b5-7faf-4c63-97e8-0bda3eed178-resize-750.jpeg
http://www.pilzflora-ehingen.de/pilzflora/fotohtml/images/Hebeloma-senescens02th.jpg
http://s12.postimg.org/n813ol3fh/DSC_0392_copia.jpg
http://www.bancodesetas.es/modulos/buscasetas/images/item/Hebeloma%20fragilipes2.jpg
x-raw-image:///bde6200f9e894f4a19d1b034cac8f1914c064b835afcab19f9bc547861290f09
http://www.gobenabovskem.si/wp-content/uploads/2016/03/1938REDKVICASATA_MEDLENKA-768x576.jpg
https://inpn.mnhn.fr/photos/uploads/webtofs/thumbnails/2/126102.jpg
https://champyves1.pagesperso-orange.fr/Les_Champignons/images/Champignons/Hebeloma/Hebeloma_laterinum_2.jpg
https://upload.wikimedia.org/wikipedia/commons/thumb/e/e0/Hebeloma_helodes_BW42.JPG/440px-Hebeloma_helodes_BW42.JPG
https://artskart.artsdatabanken.no/appapi/api/raster/distribution/?BBOX=-350770,6400000,1100000,9000000&height=800&width=500&ScientificNameId=54222
https://www.funghiitaliani.it/uploads/monthly_04_2008/post-127-1209048857.jpg
https://1.bp.blogspot.com/wDEGDr-ZmBhTZYWDbkO8x9TF21f9n4ptU4EHWYzb6Hf9ZVTIGBVxRqABr5Ts5HXPCju7kOr5Xt0CKQR7SjxgHDKwBZxEcCiLjvaJODYrdIW6K5y13AQTV1UhH_K_fUqtc_3fdrgT7dNjJAR6LOeaTsP9zOpdBsG0-lq_5Y1cnC743cd0HjHOLq3CmZBlOL1mPTyEBLGolCfk8VEDByIhiMZQHuf2Jd14YbusCg4Ioy9ZGAs6_txtB-ARgHKQTcV1FuCFsjQMmdtRjGOQDzWD3aeftT_4KHz6kAUOtTG4WEOC1VNtnt37XSbPmAyJzPHPHNCwTYAlB9VJb85n7yNQffLzuPbo183uSJIpo8yd529qHaXoU7zBanNtlQMCJVPugOvcP5SqJRANBdkggRYGnr70PtI9iycieQ8gIgge7kWrRhjb-MRPKynieK2cpCYHzF5TU7FK4qhxMH52wXQ3BqVJfq7R3ECZuHZuXIys34a5nSR3TJ18H3ju3QjMMy4ahmLSgZeApox5nilbyXnb2qVkGdUcaxb1-MLF5ytcGpgrCWdiFsrJL04N9RssrqAsQ7nUvA=w920-h614-no
https://www.verspreidingsatlas.nl/verspreidingskaart.aspx?soortcode=10054090
https://www.discoverlife.org/IM/I_MWS/1004/320/Hebeloma_laterinum,I_MWS100491.jpg
x-raw-image:///821676f0cd15c879c09d27f0616ca50a3a163bd190f976babe39e692ff0a573e
http://asociacionvallisoletanademicologia.com/wordpress/wp-content/uploads/2015/02/Hebeloma-crustuliniforme.-J.L.-Alonso-Ortega-940x581.jpg
https://www.siteany78.org/IMG/jpg/2016_0604_vignylonguesse_hebeloma_laterinum.jpg
http://nordrhein-westfalen.pilze-deutschland.de/media/CACHE/images/951ed1f3f386cd9ac7ecdd477c782281.jpg
https://alchetron.com/cdn/hebeloma-radicosum-29ab1668-4683-472d-bc84-5c31aa90092-resize-750.jpeg
https://www.pilzfreun.de/wp-content/uploads/2012/01/Hebeloma-senescens-0372.2.jpg
https://www.asturnatura.com/photo/_files/photogallery/t_02cb1ab19715b4de70c0fde63ac291ca.jpg
http://www.bancodesetas.es/modulos/buscasetas/images/item/Hebeloma%20sinapizans_Foto_Casimiro%20Lopez%20Jimeno%20(3).jpg
http://taunuspilz.de/coppermine/albums/ftp_ul/_temp/DSC00331.jpg
http://www.ambmuggia.it/forum/uploads/post-3-0-88751400-1437773196.jpg
https://www.gobice.com/pic_drevje/pinus_nigra_-_crni_bor_03.jpg
http://www.mykologie.net/images/houby/Hebeloma%20incarnatulum2.jpg
x-raw-image:///d4c6ce363e2dcf94956857c381805732ec5012755613e45e964b3099f479c933
x-raw-image:///7d4edc130ae585423c2e3094180cb06c8e9d156fa34d4b02dcae149bb40b791a
http://www.pilzflora-ehingen.de/pilzflora/fotohtml/images/Hebeloma-senescens03th.jpg
http://nordrhein-westfalen.pilze-deutschland.de/media/CACHE/images/7b9fa1be0306e7d28d8825e5e49531d1.jpg
http://www.micobotanicajaen.com/Revista/Indice/Fotos/HebelomaRadicosum.JPG
x-raw-image:///925ec5c47e37412b7c8d5bfb74f650128d456b903466ec15c21201aedcec3414
https://3.bp.blogspot.com/e1PjEH9qxydH5GjNUD9Ks-s9WRE_W12AcIsTxvaxb9rS6OTKNgP119Y20XOsFiEG0miQp62WNL2fV2IF6LW5PFTdSl655arW7XU_zeJeRAuquPlWJz-IcrUdNfp3Cg3p9YvIQO37FSfiV15MBRuVcKFAJtQvhqa3RI7ns9AeB6V-iNd6jDhU_OPYziEoTnBjjqErLZHwYOBDNAhEt7vxE6FwDyrMLLlewTeWG6zOPl1xB2yDohI82N85Oxbhf7BSNNt6pOu0Js2OyS_rNdThsH2C3Tiuyp7V6ISL-3luyFAj6c2tjZg3NiIneagiyeI0eutpHg6zoj3g7o-eXClXxUcV2DB2mVZug9SS5sz_p_NPUN2JxAnQvyqJaBq2tat3aABUNV-SRzXWOvo5cxheH4Zg2x-Wyk9BeaTm57mV3Ib7Qjp3le_P3OlKLAmWUY4SORL0mcUtScvFjNIkj-zrOCAfIPVRUMZQaN0KSfU_rZI-v9VdH9WfUBFNSllC3Ls93UHCW-vvymMFthDZ61TZGnZqkmKblMuH4xy5cLcLM90-Xy3U3p3YT1kY47XMzLL2z4P3KQ=w921-h614-no
https://inpn.mnhn.fr/photos/uploads/webtofs/thumbnails/3/126103.jpg
x-raw-image:///e3a9a1c5ec5fb0cc0735854695333cd0b55361f4f2207929ef5c8b2c3950dabe
http://www.guiavisual-gorosti.org/galeria/data/thumbnails/8746/Galerinacalyptrata-1.jpg
http://asociacionvallisoletanademicologia.com/wordpress/wp-content/uploads/2015/02/Hebeloma-cistophilum.-Valdestillas-PB178446-940x581.jpg
x-raw-image:///b4d892622ff124ec2ce4f7228614b129c12686f72727f00bb3ec211894512fe8
https://mushroomobserver.org/images/1280/388312.jpg
http://danskesvampe.dk/wp-content/uploads/2015/09/Hebeloma-cylindrosporum_9544.jpg
x-raw-image:///45494ab024fa9d87da257816342d7d74c99059a3d420bf9e16d4897adeeb9b60
https://upload.wikimedia.org/wikipedia/commons/thumb/6/67/Faelbling_Weiden-_%281%29.JPG/440px-Faelbling_Weiden-_%281%29.JPG
http://s10.postimg.org/9a08x21jd/DSC_0394_copia.jpg
http://www.bancodesetas.es/modulos/buscasetas/images/item/Hebeloma%20longicaudum2.jpg
https://www.mycomons.be/Images/Bruxelles%20-%20Belgique/DSCN1435%20Hebeloma%20edurum%2010-10-03%2017-19-57.jpg
http://www.gobenabovskem.si/wp-content/uploads/2016/03/6151HEBELOMA_MESOPHEUM-768x576.jpg
http://www.pharmanatur.com/Mycologie/Hebeloma%20laterinum%205.jpg
http://www.nhm2.uio.no/botanisk/sopp/NMC_XIX/Kalklaagurtskog_Brassethoegda%202HHolien_small.JPG
https://alchetron.com/cdn/hebeloma-sinapizans-14cf4fb6-7310-4022-a281-b1aaf133203-resize-750.jpg
http://www.ambmuggia.it/forum/uploads/post-3-0-96939200-1437772896.jpg
x-raw-image:///1723f2431bca8075eeaa027cf8b7df07c9ead8e3a392d19747518c1c8baac10f
http://www.micobotanicajaen.com/Revista/Indice/Fotos/HebelomaSpoliatum.jpg
https://inpn.mnhn.fr/photos/uploads/webtofs/thumbnails/0/125980.jpg
https://www.gobice.com/pic_drevje/dryas_octopetala_01.jpg
x-raw-image:///0453c469484838442517d8e19dae85e0ecf2f68defa31ba06794803d66cd4aaf
http://v3.boldsystems.org/index.php/TaxBrowser_Maps_CollectionSites?taxid=544038
https://static.inaturalist.org/photos/29240122/small.jpeg?1545010719
x-raw-image:///3ec17fd64e95fd4536bf308c8f01f2ea1ae6e7271a7acb162e1b111f63f05052
x-raw-image:///40ab167debbd3d618f103e9e1b1abf50a318fccd6a09a9661bf21229f79cf5ff
https://static.wixstatic.com/media/148919_5f18ab80e2a34339ae34c2d390864fd5~mv2.jpg/v1/fill/w_264,h_176,al_c,q_80,usm_0.66_1.00_0.01/148919_5f18ab80e2a34339ae34c2d390864fd5~mv2.webp
https://www.asturnatura.com/Imagenes/especie/hebeloma-radicosum.jpg
https://waarneming.nl/static/img/stores/badge_app_store.svg
x-raw-image:///5c15b0af534f0552e8c493aa0cc935e954012a1b186ad2dd5923aa520fe34477
http://www.senes.lv/images/Lapinu_sugas/hebeloma_crustuliniforme_0.jpg
https://sites.google.com/site/goros1624/_/rsrc/1244532375640/la-clasificacion-de-los-hongos/orden-agaricales/tipo-de-himenio/textura-de-la-carne/presencia-y-disposicion-del-pie/tipo-de-insercion-de-laminas-y-pie/colro-de-la-esporada/esporada-ocracea-a-purpura/familia-cortinariaceas/naucoriaceas/Cortinarius%20caerulescens_p.jpg?height=131&width=200
http://danskesvampe.dk/wp-content/uploads/2015/10/Hebeloma-candidipes_9684.jpg
x-raw-image:///724caaacb6d4c12d1ab849ed2a1278eec21de5cbe2591eb196d6430923439dec
https://www.agriamanitaria.gr/wp-content/uploads/2019/01/Hebeloma-sinapizans-2.jpg
http://www.nhm2.uio.no/botanisk/sopp/NMC_XIX/Marisko%20-%20BrassethoegdaHHolien_small.JPG
https://www.natur-in-nrw.de/IMG/Pilze/Agaricales/PA-313/PA-313m2.jpg
http://www.bancodesetas.es/modulos/buscasetas/images/item/Hebeloma%20sacchariolens2.jpg
http://www.societemycologiquederennes.fr/images/phocagallery/H/thumbs/phoca_thumb_l_hebelomacrustuliniforme.jpg
http://nordrhein-westfalen.pilze-deutschland.de/media/CACHE/images/16339050b9950b646fb61836de5ff19b.jpg
x-raw-image:///ec5c2f0be418eb4aa66558b78eee6369c29626e261e6a1184a22a26037c0d1da
http://www.commanster.eu/commanster/Mushrooms/Agaric/SuAgaric/Naucoria.sphagneti.jpg
https://www.mycomons.be/Images/Viroinval%20-%20Belgique/IMG_6083%20Hebeloma%20edurum%2023-10-2014%2013-02-20.JPG
https://i.ytimg.com/vi/C5ak-3Cs3mQ/maxresdefault.jpg
x-raw-image:///49528e03defa1ab69fbf0dca65b967be742d20b3b0d097e96e3032a0133c46f0
x-raw-image:///0d3c6a0d034c4e627e8091d8a94fe5ab29a3d0260a40d5785e11fcbd90c710a4
http://www.guiavisual-gorosti.org/galeria/data/thumbnails/3803/Hebeloma_laterinum_micro.jpg
x-raw-image:///3d4e983d666c13fecf1c038784b9d2ed0368c33075deb8b080e77767b233f431
http://www.micobotanicajaen.com/Revista/Indice/Fotos/HebelomaFastibile.JPG
http://mycoportal.org/imglib/mycology/MP/201612/Agrocybe_acericola_HRL2274_1483064891_tn.jpg
http://www.gobenabovskem.si/wp-content/uploads/2016/03/6674HEBELOMA_SINAPIZANS2011-768x576.jpg
https://www.fungipedia.org/images/avatar/06d017efecd0aee0a91e2228.jpg
https://www.gobice.com/pic_drevje/pinus_nigra_-_crni_bor_02.jpg
http://www.ambmuggia.it/forum/uploads/post-3-0-83424300-1437772901.jpg
https://www.cestaysetas.com/wp-content/uploads/2019/08/avatar_cys.jpg
http://www.mykologie.net/images/houby/Hebeloma%20mesophaeum4.jpg
https://www.asturnatura.com/photo/_files/photogallery/t_e27877a32beb2936828b4810fe833a0a.jpg
https://www.researchgate.net/profile/Jordi_Vila5/publication/232708063/figure/fig4/AS:300472687710220@1448649679843/Collection-CAG880106-17-holotype-of-Hebeloma-erumpens-a-spores-x-1600-in-5-KOH-b_Q320.jpg
https://inpn.mnhn.fr/photos/uploads/webtofs/thumbnails/1/126101.jpg
x-raw-image:///84ca7c3e3af7ca513372f16aeb6830bde3936f3624227a968f8c19dec9a334f5
x-raw-image:///526faba152bd9c95b9c373163a1a3e866ac1ee09ae4676dc330517e5ca2d28e9
http://www.bancodesetas.es/modulos/buscasetas/images/item/Hebeloma%20cistophilum1.jpg
https://scontent-lga3-1.cdninstagram.com/vp/3afe879011bfc8af4c9c62c0f1d4a738/5D12DE8B/t51.2885-15/e35/c100.0.600.600/51632822_622218884858227_1885270399018975954_n.jpg?_nc_ht=scontent-lga3-1.cdninstagram.com
http://v3.boldsystems.org/pics/_w300/NOBAS/TROM_F_033%2B1539018888.JPG
http://danskesvampe.dk/wp-content/uploads/2015/09/Hebeloma-velutipes_7909.jpg
http://s2.postimg.org/ax21zpzvd/Hebeloma_edurum.jpg
x-raw-image:///f733a9a536148dd93c80a5d119257d6bfa05c01dbb73b9ae6cd6ba9b384c0d89
https://naturdata.com/images/species/17000/Hebeloma-sarcophyllum-17074-14112191561900-tb.jpg
https://1.bp.blogspot.com/XL3GNItmfBsOMALM6b_6AKtfGCt7NZ5rjK1hr-cr6c263s-AKyBcmf9AzBlHhITBMbd0K0VIBRiUeV4yvRQTw_8g6hW_3XEN1NHFhAtsn36ZeYCxpwU9BhqS0Vfdlci7WcTFyZYPvBka_xVRc7cgJncsTihX4IDhfDZQ1I2iMssdJu85TkgfNibcEmKFuwRYNR4QvE5tw_aUyCyiqK7mz2H9-9YuIlyOwWnw8cc7d9XMTd0ViYSpD2ff1q5S97aSHRkn-hEUhFaJRtNFEmbE7N2rBMC7qCW9T4WjU7d4SXzEbElJQOXBzD8V1bINXpvT0IS4GT_He_NeyrDwmqpMWfVKdEliOadvlp82qF3kW-sU-tPDI0r7BCAjH1DahXcreeb7V9J74x9iV_LTmexYQZiSSQWYh2X52Oc-8L0m8kIxoTC1pGULthfuyxm9p9Mf3mBbvQ6r2QET--EyKotvfJYwyYcJV6lyuSIcCOAoLDMcMt4IDn_HUQIGmMMhLYoHo3dgFD7pNy4VBk-yACEvfcoCJg3hmb0i8Ga6oiPWM2ZV-Z1C2VKlK41Mu34CAGZ7YSY9pA=w920-h614-no
https://static.wixstatic.com/media/148919_7cefd35b100b493190852d0619d56144~mv2.jpg/v1/fill/w_264,h_176,al_c,q_80,usm_0.66_1.00_0.01/148919_7cefd35b100b493190852d0619d56144~mv2.webp
https://4.bp.blogspot.com/-LJnz2KelWmc/VslBbUJfl-I/AAAAAAAACmk/giiqX4s6hYU/s640/Tricholoma%2Bterreum%2B%2528Schaeff.%2529%2BP.jpg
https://upload.wikimedia.org/wikipedia/commons/thumb/6/6d/Hebeloma_radicosum_2.jpg/440px-Hebeloma_radicosum_2.jpg
x-raw-image:///ccc69cde9e7665ae8e21144ad0e9bdf9ede067578879e7e2536098859db6caed
http://www.ambmuggia.it/forum/uploads/post-3-0-13482000-1437773188.jpg
http://www.micobotanicajaen.com/Revista/Articulos/DMerinoA/Aportaciones028/Fotos/InocybeWhitei_MG_2883-1.jpg
https://www.asturnatura.com/photo/_files/photogallery/t_a147bc34e05ff9e1ee54622496eb9ae4.jpg
https://www.123pilze.de/DreamHC/Download/braeunerfaelbrw.jpg
https://inpn.mnhn.fr/photos/uploads/webtofs/thumbnails/3/126383.jpg
x-raw-image:///c013bfc85fc57260bb6cc0617f2d774c82c3b44c3fcb0e1554820ed831c6c304
x-raw-image:///2487c8d21afb12c0e889d6fa73f819cdf1f942ddd19bf6b1bcdb419706efd97d
https://www.mycodb.fr/thumbs/Hebeloma_circinans_2011_cr_2.jpg
http://www.mykologie.net/images/houby/Hebeloma%20mesophaeum6.jpg
https://www.biodiversidadvirtual.org/hongos/data/media/4094/Russula-torulosa-Bres.-1929-10363.jpg
x-raw-image:///6dbabd916ebcab35240e03ca990d8427c023222d931b616a22982e90ba10ac53
x-raw-image:///d3ecf37555e6d94591cb7ed8512451f2ce702b7d2f94bcbeef6e85b10c7477bb
https://www.pilzfreun.de/wp-content/uploads/2012/01/Haasiella-venustissima-409.1.jpg
http://www.cestaysetas.com/wp-content/uploads/2017/09/IMG-20170918-WA0026.jpg
x-raw-image:///5d4caef9ea316e4df73505e85268ccc5fafa0042cd0bf0161d0d154592a35c0d
http://www.societemycologiquederennes.fr/images/phocagallery/H/thumbs/phoca_thumb_m_Hebeloma%20laterinum%20FXB%201.JPG.JPG
http://v3.boldsystems.org/pics/_w300/NOBAS/TROM_F_035%2B1539018954.JPG
https://waarneming.nl/static/img/logo/logo_naturalis.svg
http://www.bancodesetas.es/modulos/buscasetas/images/item/Hebeloma%20album1.jpg
x-raw-image:///45895b28430b9ecb1c8140ec07e0c5e8c816dd6eb16ac7fcfa9b3c19f96c7a5b
https://www.gobice.com/pic_drevje/helianthemum_nummularifolium_01.jpg
http://champignons.aveyron.free.fr/photos/732-IMGP3650.jpg
https://docplayer.fr/docs-images/72/66853569/images/11-0.jpg
https://unite.ut.ee/graphs_mothur/0/3/0/SH030706.07FU_graph.png
http://danskesvampe.dk/wp-content/uploads/2015/10/MG_7113.jpg
https://www.botanical-online.com/wp-content/uploads/hebe.gif
x-raw-image:///3889d35fa2671e1480a4853a2e867b3b63de4fe2e657e18a547d178913c59232
https://champyves.pagesperso-orange.fr/champignons/hebelomes/hebelome_brulant/hebelome_brulant2.jpg
https://2.bp.blogspot.com/-w4aqpYthQuw/VtVlREpstOI/AAAAAAAACng/NPIwLPW6A5I/s640/Cortinarius%2Bassiduus%2BMahiques%252C%2BA.%2BOrtega%2B%2526%2BBidaud.jpg
https://4.bp.blogspot.com/X7APBXgHVfG8FdjiWIr1FtI5oNN6snF7x5wwHe2OcTz8M7Jy5fjhNVnIi4B4PEC8ticyie4-jKyUZT5ItCQ7oDPBc-f39CPWhIYPNJ4o5Fg7QAvmw0ZCv2BVNzo7fGMdglISJgC7axyU-on4Qd-arONno7XaH-XjO_4gtV9U0Hm4yU86ypjqGCr088pj0_SNZCo0zY7JtUFdHp5OYrssbZ5xxRZ-puAd3-wCdcGgVt8tCIFXG9Sr_Pj8AUL_-4ea8CjKp0usQxtrGyUZoMmmh4o_WjXnD_d4VGBci3EhyehGSFsQ9XnNSph89RVXI6ckcPmlVa9qpYwE-GjeTx9nCS_gnuYlSal0BLn61yD8TjqwJX1dR38qWXYAQmurtIIX0VKRh5qigMvwEnHg_PPAxoJmCFHQKVzxZb4Em767B24w2cwE26lQf2VAqd0-_9vINAtSvkKRZOk72hO_9HSqZugKsb_QqYyfhtrPoAt2g60mn6_Tnsak3yCoffdT7sxn6HCJgjaLMgo72Fq0lDZ96-AvCtShoI9DyuJmsbP9173HQJu-75Yx1psFK__SuJkGThCfIA=w920-h614-no
http://www.pilzepilze.de/extern/felix_hampe/2011/Malle/Hebeloma%20laterinum-02.JPG
https://www.discoverlife.org/IM/I_MWS/0216/320/Hebeloma_mesophaeum,I_MWS21662.jpg
https://www.asturnatura.com/photo/_files/photogallery/t_710c5a02b98f0aefe2c8c3704fb4ab6e.jpg
http://storage.idigbio.org/miss/mycology/MISS0099/MISS0099889_B1.jpg
x-raw-image:///2308e221cc19ddfde4edd8ade3c76188472c52dd6ad93421a4928f1496c8314d
x-raw-image:///6392f972fb4c71ffca54e4806c2f6a9c8c208fe50002831df506b7f334bbd553
https://i.ytimg.com/vi/btOMG_gDUZg/hqdefault.jpg
http://www.ambmuggia.it/forum/uploads/post-3-0-26534500-1437773192.jpg
x-raw-image:///4ab2872179a2a870143edcf7d43ccd2ac3fa9d338bb7a42d62abd0645cae9358
x-raw-image:///c51e500a265476b0514f3fb66a2b95ed8145329ba436ab32d009e9d1da78c842
x-raw-image:///1bfd4c27083b793c6941f8398ffbc0735b6ad2da9cb4829d244223ea2f6e37a7
http://www.mushrooms.su/search/hebeloma_sinapizans.gif
http://www.gute-foto.de/Pilze/images/Hebeloma%20laterinum.jpg
http://www.micobotanicajaen.com/AsoJaen/Actividades/Actividades2014/03Cuenca/Fotos/IMG_2733.jpg
https://www.biodiversidadvirtual.org/hongos/data/media/1848/Lactarius-cf.-atlanticus-Bon-1975-10414.jpg
x-raw-image:///7bafacf28ba2b7b345416d7b8866fe3bd839ee22abe673784ac0f21b9f870da4
x-raw-image:///8dd71caca6918f84c15f4b31b5e33e510dae7aa223decebf252bb8e8dd939418
http://s13.postimg.org/bx1xv3egn/IMG_20150111_WA0014.jpg
https://static.wixstatic.com/media/148919_06129e6a1354444aafe14757a65a244c~mv2.jpg/v1/fill/w_264,h_176,al_c,q_80,usm_0.66_1.00_0.01/148919_06129e6a1354444aafe14757a65a244c~mv2.webp
x-raw-image:///970467e1f501693217d841fbe9919919493693f96be89c91468da5c52f71a986
https://www.pilzfreun.de/wp-content/uploads/2012/01/Handkea-excepuliformis-410.8.jpg
https://kundoc.com/assets/img/kundoc_logo.png
http://www.senes.lv/images/Jaunas_sugas/marasmius_wettsteinii_0.jpg
http://www.bancodesetas.es/modulos/buscasetas/images/item/Hebeloma%20theobrominum2.jpg
https://s3.studylib.net/store/data/008574613_1-bd5d7ee4d272a5d17df2209438f76ad8.png
http://danskesvampe.dk/wp-content/uploads/2015/09/Hebeloma-crustuliniforme_7784.jpg
https://www.mycodb.fr/thumbs/Hebeloma_duracinoides_2010_dh_1.jpg
https://inpn.mnhn.fr/photos/uploads/webtofs/thumbnails/3/206453.jpg
http://www.nhm2.uio.no/botanisk/sopp/NMC_XIX/Steinkj-Mokk-beitesk_TEB_small.JPG
https://4.bp.blogspot.com/-hTx_yYhK2Dc/Vsnf9Q5TCDI/AAAAAAAAAFA/OOqOT0ieHLk/s640/Tricholoma%2Bleucoterreum%2B941%2B%25CE%25B1%25CE%25BD%25CF%2584%25CE%25AF%25CE%25B3%25CF%2581%25CE%25B1%25CF%2586%25CE%25BF.jpg
x-raw-image:///9f8f825951ec63ac23574a5946968470da6853b5d694ceb89a8ba4e574b497c9
https://www.researchgate.net/profile/Jordi_Vila5/publication/232708063/figure/fig6/AS:300472687710222@1448649679943/Collection-JHC09-174-holotype-of-Hebeloma-griseopruinatum-a-spores-x-1600-in-5-KOH.png
http://www.mykologie.net/images/gallery/podkrusnohorska/Hebeloma%20sinapizans.jpg
http://img.over-blog-kiwi.com/0/56/68/48/20141203/ob_efb515_hebeloma-edurum-7.JPG
x-raw-image:///8e5f064babbcf71b5247f80fecb10f00c6a35df4bb3294b58fab0c69cde9a430
https://alchetron.com/cdn/hebeloma-radicosum-dc9c6e3a-7bcd-46f9-a06e-30baea1a16f-resize-750.jpeg
x-raw-image:///2a70e02543aa6bc57fe20d3ea0362f1f591947da8392bd005dbe8fe46d107ad6
x-raw-image:///677f8419873b54a487d93a92f041d201ed07d674f1cc11111d8631ce5f79f067
http://www.ambmuggia.it/forum/uploads/post-3-0-63794400-1437773205.jpg
http://www.micobotanicajaen.com/Revista/Indice/Fotos/HebelomaHetieri.jpg
https://image.jimcdn.com/app/cms/image/transf/dimension=1920x400:format=jpg/path/s554fb3e4881771c0/image/id8dd3f76ce1a34a6/version/1473836757/image.jpg
http://www.funghiitaliani.it/uploads/monthly_08_2014/post-2993-0-82198900-1407919328.jpg
http://mycoportal.org/imglib/mycology/iNat/00889/original_1497963980_tn.jpg
x-raw-image:///affd30848a7568c0a425eed411433b2ad4aeb302d8053f5229906f0daab795a4
http://www.atbi.eu/gemer/files/gemer/thumbs/croppedIMG_0204.jpg